Number of exposures	Defocus list	ClusteringMode	ClusteringRadius	DoseFractionsOutputFormat	Name	PhasePlateEnabled	HoleSize	HoleSpacing	SpecimenCarrierType	StartDateTime	Autofocus recurrence	Autofocus distance	Drift recurrence	Drift threshold	DelayAfterImageShift	DelayAfterStageShift	Detector	Binning	C2Aperture	ProbeMode	SpotSize	BeamSize	EnergySelectionSlitWidth	ObjAperture	GunLens	Voltage	ExtractorVoltage	MicroscopeID	PixelSpacing	EPUversion	Magnification	ExposureTime	Mode	NumSubFrames	PhasePlateUsed	Dose	DoseOnCamera	DosePerFrame
1	[-2.2, -2.0, -1.8, -1.6, -1.4, -1.2, -1.0]	ClusteringWithImageBeamShift	6	Tiff Lzw Non-Gain normalized	confidential	false	1.4	2.51	Quantifoil R1.2/1.3	2022-12-31T16:58:36.0792357Z	AfterCentering	0	OncePerGridSquare	2E-10	1	5	EF-CCD	2	50	NanoProbe	4	1.05	20	UNKNOWN														
3	[-3.0, -2.75, -2.5, -2.25, -2.0, -1.75, -1.5, -1.25]	ClusteringWithImageBeamShift	6	Tiff Lzw Non-Gain normalized	confidential	false	2.22	3.94	Quantifoil R2/2	2023-01-04T15:28:13.0332445Z	AfterCentering	0	OncePerGridSquare	2E-10	0.5	5	EF-CCD	2	50	NanoProbe	4	1.15	20	UNKNOWN														
5	[-2.2, -1.8, -1.4, -1.0]	ClusteringWithImageBeamShift	6	Tiff Lzw Non-Gain normalized	confidential	false	1.2	2.49	Quantifoil R1.2/1.3	2023-01-05T12:30:57.6867348Z	AfterCentering	0	OncePerGridSquare	2E-10	0.5	0.5	EF-CCD	2	50	NanoProbe	6	0.8	20	UNKNOWN														
5	[-2.2, -1.8, -1.4, -1.0]	ClusteringWithImageBeamShift	6	Tiff Lzw Non-Gain normalized	confidential	false	1.53	2.54	Quantifoil R1.2/1.3	2023-01-06T10:32:33.0571706Z	AfterCentering	0	OncePerGridSquare	2E-10	0.5	0.5	EF-CCD	2	50	NanoProbe	6	0.8	20	UNKNOWN														
1	[-2.5]	ClusteringWithImageBeamShift	6	Tiff Lzw Non-Gain normalized	confidential	false	1.37	2.46	Quantifoil R1.2/1.3	2023-01-09T13:51:32.9794871Z	AfterCentering	0	UNKNOWN	UNKNOWN	0.5	0.5	EF-CCD	2	50	NanoProbe	4	1.05	20	UNKNOWN														
6	[-2.0, -1.4]	ClusteringWithImageBeamShift	6	Tiff Lzw Non-Gain normalized	confidential	false	2.19	3.96	Quantifoil R2/2	2023-01-10T12:32:00.2452996Z	AfterCentering	0	UNKNOWN	UNKNOWN	0.5	0.5	None	2	50	NanoProbe	4	1.05	20	UNKNOWN														
7	[-3.2, -2.9, -2.6, -2.3]	ClusteringWithImageBeamShift	6	Tiff Lzw Non-Gain normalized	confidential	false	2.19	3.96	Quantifoil R2/2	2023-01-12T10:42:46.0820176Z	AfterCentering	0	OncePerGridSquare	2E-10	0.5	0.5	EF-CCD	2	50	NanoProbe	4	1.05	20	UNKNOWN														
2	[-2.5, -2.3, -2.1, -1.9, -1.7, -1.5]	ClusteringWithImageBeamShift	6	Tiff Lzw Non-Gain normalized	confidential	false	1.42	2.6	Quantifoil R1.2/1.3	2023-01-13T14:22:45.3107676Z	AfterCentering	0	OncePerGridSquare	2E-10	0.5	5	EF-CCD	2	50	NanoProbe	4	1.15	20	UNKNOWN														
2	[-2.5, -2.3, -2.1, -1.9, -1.7, -1.5]	ClusteringWithImageBeamShift	6	Tiff Lzw Non-Gain normalized	confidential	false	1.52	2.56	Quantifoil R1.2/1.3	2023-01-14T09:28:58.3333595Z	AfterCentering	0	OncePerGridSquare	2E-10	0.5	5	EF-CCD	2	50	NanoProbe	4	1.15	20	UNKNOWN														
2	[-3.3, -3.1, -2.9, -2.7, -2.5, -2.3, -2.1, -1.9]	ClusteringWithImageBeamShift	6	Tiff Lzw Non-Gain normalized	confidential	false	1.52	2.56	Quantifoil R1.2/1.3	2023-01-15T07:19:54.5702389Z	AfterCentering	0	OncePerGridSquare	2E-10	0.5	5	EF-CCD	2	50	NanoProbe	4	1.15	20	UNKNOWN														
2	[-3.3, -3.1, -2.9, -2.7, -2.5, -2.3, -2.1, -1.9]	ClusteringWithImageBeamShift	6	Tiff Lzw Non-Gain normalized	confidential	false	1.52	2.56	Quantifoil R1.2/1.3	2023-01-15T23:38:37.4539957Z	AfterCentering	0	OncePerGridSquare	2E-10	0.5	5	EF-CCD	2	50	NanoProbe	4	1.15	20	UNKNOWN														
1	[-3.0, -2.8, -2.6, -2.4, -2.2, -2.0, -1.8, -1.6, -1.4]	ClusteringWithImageBeamShift	6	Tiff Lzw Non-Gain normalized	confidential	false	1.33	2.5	Quantifoil R1.2/1.3	2023-01-18T20:31:58.5508855Z	AfterCentering	0	OncePerGridSquare	2E-10	0.5	5	EF-CCD	2	50	NanoProbe	4	1.05	20	UNKNOWN														
4	[-2.2, -2.0, -1.8, -1.6, -1.4, -1.2]	ClusteringWithImageBeamShift	6	Tiff Lzw Non-Gain normalized	confidential	false	1.33	2.58	Quantifoil R1.2/1.3	2023-01-19T19:21:04.4133601Z	AfterCentering	0	UNKNOWN	UNKNOWN	0.5	5	EF-CCD	2	50	NanoProbe	4	1.05	20	UNKNOWN														
4	[-2.8, -2.4, -2.0, -1.6]	ClusteringWithImageBeamShift	6	Tiff Lzw Non-Gain normalized	confidential	false	2	4.08	Quantifoil R2/2	2023-01-20T14:11:16.3239795Z	AfterCentering	0	OncePerGridSquare	2E-10	0.5	5	EF-CCD	2	50	NanoProbe	5	1.05	20	UNKNOWN														
5	[-2.2, -1.8, -1.4, -1.0]	ClusteringWithImageBeamShift	6	Tiff Lzw Non-Gain normalized	confidential	false	1.2	2.5	Quantifoil R1.2/1.3	2023-02-02T18:42:54.7144418Z	AfterCentering	0	OncePerGridSquare	2E-10	1.5	0.5	EF-CCD	2	50	NanoProbe	6	0.8	20	UNKNOWN														
5	[-2.2, -1.8, -1.4, -1.0]	ClusteringWithImageBeamShift	6	Tiff Lzw Non-Gain normalized	confidential	false	1.2	2.5	Quantifoil R1.2/1.3	2023-02-05T12:02:11.9216647Z	AfterCentering	0	OncePerGridSquare	2E-10	1.5	0.5	EF-CCD	2	50	NanoProbe	6	0.8	20	UNKNOWN														
2	[-1.5, -1.3, -1.1, -0.9, -0.7, -0.6, -0.5]	ClusteringWithImageBeamShift	6	Tiff Lzw Non-Gain normalized	confidential	false	1.1	2.49	Quantifoil R1.2/1.3	2023-02-08T16:08:53.1496385Z	AfterDistance	8	UNKNOWN	UNKNOWN	1.5	0.5	EF-CCD	2	50	NanoProbe	4	1.16	20	100 Au	4	300	4498	3299	0.731	2.12.0.2771	105000	1.13	Super-resolution	40	false	33.13	15.66	0.8282
2	[-3.0, -2.8, -2.6, -2.4, -2.2, -2.0, -1.8, -1.6, -1.4]	ClusteringWithImageBeamShift	6	Tiff Lzw Non-Gain normalized	confidential	false	1.23	3.51	Quantifoil R1.2/1.3	2023-02-09T18:10:03.9112996Z	AfterCentering	0	OncePerGridSquare	2E-10	0.5	5	EF-CCD	2	50	NanoProbe	4	1.05	20	None	4	300	4498	3299	0.731	2.12.0.2771	105000	1.43	Super-resolution	45	false	49.97	18.67	1.1105
1	[-3.0, -2.8, -2.6, -2.4, -2.2, -2.0, -1.8]	ClusteringWithImageBeamShift	6	Tiff Lzw Non-Gain normalized	confidential	false	1.2	2.5	Quantifoil R1.2/1.3	2023-02-10T12:04:20.3109948Z	AfterCentering	0	OncePerGridSquare	2E-10	0.5	5	EF-CCD	2	50	NanoProbe	4	1.07	20	100 Au	4	300	4498	3299	0.731	2.12.0.2771	105000	1.2	Super-resolution	60	false	53.86	23.98	0.8976
1	[-3.0, -2.8, -2.6, -2.4, -2.2, -2.0, -1.8]	ClusteringWithImageBeamShift	6	Tiff Lzw Non-Gain normalized	confidential	false	1.2	2.5	Quantifoil R1.2/1.3	2023-02-11T09:42:53.5543774Z	AfterCentering	0	OncePerGridSquare	2E-10	0.5	5	EF-CCD	2	50	NanoProbe	4	1.07	20	100 Au	4	300	4498	3299	0.731	2.12.0.2771	105000	1.2	Super-resolution	60	false	44.42	19.78	0.7403
4	[-3.0]	ClusteringWithImageBeamShift	6	Tiff Lzw Non-Gain normalized	confidential	false	2	4	Quantifoil R2/2	2023-02-12T09:58:57.5833141Z	AfterCentering	0	OncePerGridSquare	2E-10	0.5	5	EF-CCD	2	50	NanoProbe	5	1.05	20	100 Au	4	300	4498	3299	0.933	2.12.0.2771	81000	1.74	Super-resolution	55	false	33.17	16.6	0.6032
4	[-2.2, -1.8, -1.4, -1.0]	ClusteringWithImageBeamShift	6	Mrc Gain normalized	confidential	false	1.2	2.5	Quantifoil R1.2/1.3	2023-02-14T17:02:29.3833806Z	AfterCentering	0	OncePerGridSquare	2E-10	0.5	3	EF-CCD	2	50	NanoProbe	5	1.05	20	100 Au	4	300	4498	3299	0.933	2.12.0.2771	81000	1.3	Super-resolution	40	false	27.6	18.48	0.6899
2	[-2.5, -2.25, -2.0, -1.75, -1.5, -1.25, -1.0, -0.8]	ClusteringWithImageBeamShift	6	Tiff Lzw Non-Gain normalized	confidential	false	1.2	2.47	Quantifoil R1.2/1.3	2023-02-16T16:16:47.3261385Z	AfterCentering	0	OncePerGridSquare	2E-10	0.5	5	EF-CCD	2	50	NanoProbe	6	0.9	20	100 Au	4	300	4498	3299	0.933	2.12.0.2771	81000	2.5	Super-resolution	40	false	42.32	14.74	1.0581
3	[-3.0, -2.8, -2.6, -2.4, -2.2, -2.0, -1.8, -1.6, -1.4]	ClusteringWithImageBeamShift	6	Tiff Lzw Non-Gain normalized	confidential	false	1.31	2.59	Quantifoil R1.2/1.3	2023-02-22T19:07:04.5323132Z	AfterCentering	0	OncePerGridSquare	2E-10	0.5	5	EF-CCD	2	50	NanoProbe	4	0.94	20	100 Au	4	300	4498	3299	0.731	2.12.0.2771	105000	1	Super-resolution	50	false	36.2	19.34	0.724
4	[-2.2, -1.8, -1.4, -1.0]	ClusteringWithImageBeamShift	6	Tiff Lzw Non-Gain normalized	confidential	false	1.2	2.5	Quantifoil R1.2/1.3	2023-02-23T15:20:33.1317269Z	AfterCentering	0	OncePerGridSquare	2E-10	0.5	2.5	EF-CCD	2	50	NanoProbe	5	1.05	20	100 Au	4	300	4498	3299	0.933	2.12.0.2771	81000	1.3	Super-resolution	40	false	30.77	20.6	0.7692
3	[-2.2, -1.8, -1.4, -1.0]	ClusteringWithImageBeamShift	6	Tiff Lzw Non-Gain normalized	confidential	false	1.25	2.42	Quantifoil R1.2/1.3	2023-02-24T16:48:58.6189808Z	AfterCentering	0	OncePerGridSquare	2E-10	0.5	2.5	EF-CCD	2	50	NanoProbe	5	0.84	20	100 Au	4	300	4498	3299	0.731	2.12.0.2771	105000	1	Super-resolution	40	false	31.09	16.61	0.7772
3	[-2.2, -1.8, -1.4, -1.0]	ClusteringWithImageBeamShift	6	Tiff Lzw Non-Gain normalized	confidential	false	1.25	2.47	Quantifoil R1.2/1.3	2023-02-25T14:57:57.9188078Z	AfterCentering	0	OncePerGridSquare	2E-10	0.5	2.5	EF-CCD	2	50	NanoProbe	5	0.84	20	100 Au	4	300	4498	3299	0.731	2.12.0.2771	105000	1	Super-resolution	40	false	30.68	16.39	0.767
2	[-2.6, -2.4, -2.2, -2.0, -1.8]	ClusteringWithImageBeamShift	6	Tiff Lzw Non-Gain normalized	confidential	false	1.39	2.59	Quantifoil R1.2/1.3	2023-02-28T21:19:40.80517Z	AfterCentering	0	OncePerGridSquare	2E-10	0.5	5	EF-CCD	2	50	NanoProbe	4	1.12	20	100 Au	4	300	4498	3299	0.731	2.12.0.2771	105000	0.81	Super-resolution	40	false	29.27	19.31	0.7316
1	[-1.7, -1.5, -1.3, -1.1, -0.9, -0.7]	ClusteringWithImageBeamShift	6	Tiff Lzw Non-Gain normalized	confidential	false	1.39	2.6	Quantifoil R1.2/1.3	2023-03-01T21:51:17.7514665Z	AfterCentering	0	OncePerGridSquare	2E-10	0.5	5	EF-CCD	2	50	NanoProbe	4	1.05	20	None	4	300	4498	3299	0.565	2.12.0.2771	130000	1.5	Super-resolution	60	false	45.59	9.7	0.7599
3	[-3.3, -3.0, -2.7, -2.4, -2.1, -1.8]	ClusteringWithImageBeamShift	6	Tiff Lzw Non-Gain normalized	confidential	false	1.58	2.5	Quantifoil R1.2/1.3	2023-03-02T09:58:42.8388227Z	AfterCentering	0	OncePerGridSquare	2.5E-10	0.5	5	EF-CCD	2	50	NanoProbe	4	1.05	20	100 Au	4	300	4498	3299	0.731	2.12.0.2771	105000	1	Super-resolution	54	false	38.76	20.71	0.7177
4	[-2.2, -1.8, -1.4, -1.0]	ClusteringWithImageBeamShift	6	Tiff Lzw Non-Gain normalized	confidential	false	1.2	2.56	Quantifoil R1.2/1.3	2023-03-03T15:23:43.1719752Z	AfterCentering	0	OncePerGridSquare	2E-10	0.5	2.5	EF-CCD	2	50	NanoProbe	5	1.05	20	100 Au	4	300	4498	3299	0.933	2.12.0.2771	81000	1.3	Super-resolution	40	false	22.82	15.28	0.5706
4	[-2.2, -1.8, -1.4, -1.2]	ClusteringWithImageBeamShift	6	Tiff Lzw Non-Gain normalized	confidential	false	2.09	4.06	Quantifoil R2/2	2023-03-04T10:37:07.1542166Z	AfterCentering	0	OncePerGridSquare	2E-10	0.5	2.5	EF-CCD	2	50	NanoProbe	5	1.05	20	100 Au	4	300	4498	3299	0.933	2.12.0.2771	81000	1.43	Super-resolution	40	false	23.11	14.07	0.5778
4	[-2.2, -1.8, -1.4, -1.0]	ClusteringWithImageBeamShift	6	Tiff Lzw Non-Gain normalized	confidential	false	1.2	2.49	Quantifoil R1.2/1.3	2023-03-16T16:30:08.7048925Z	AfterCentering	0	OncePerGridSquare	2E-10	0.5	2.5	EF-CCD	2	50	NanoProbe	5	1.05	20	100 Au	4	300	4498	3299	0.933	2.12.0.2771	81000	1.3	Super-resolution	40	false	26.18	17.53	0.6546
3	[-1.5, -1.3, -1.1, -0.9, -0.7, -0.5]	ClusteringWithImageBeamShift	6	Tiff Lzw Non-Gain normalized	confidential	false	1.15	2.45	Quantifoil R1.2/1.3	2023-03-17T14:19:20.4897976Z	AfterDistance	8	UNKNOWN	UNKNOWN	0.5	2.5	EF-CCD	2	50	NanoProbe	5	1.05	20	100 Au	4	300	4498	3299	0.731	2.12.0.2771	105000	0.95	Super-resolution	40	false	23.74	13.35	0.5935
3	[-1.5, -1.3, -1.1, -0.9, -0.7, -0.5]	ClusteringWithImageBeamShift	6	Tiff Lzw Non-Gain normalized	confidential	false	1.26	2.52	Quantifoil R1.2/1.3	2023-03-18T09:37:30.8064164Z	AfterDistance	8	UNKNOWN	UNKNOWN	0.5	2.5	EF-CCD	2	50	NanoProbe	5	1.05	20	None	4	300	4498	3299	0.731	2.12.0.2771	105000	0.95	Super-resolution	40	false	27.05	15.22	0.6763
3	[-3.0, -2.8, -2.6, -2.4, -2.2, -2.0, -1.8, -1.6, -1.4, -1.2]	ClusteringWithImageBeamShift	6	Tiff Lzw Non-Gain normalized	confidential	false	1.28	2.49	Quantifoil R1.2/1.3	2023-03-19T15:41:50.8715379Z	AfterCentering	0	OncePerGridSquare	2E-10	0.5	5	EF-CCD	2	50	NanoProbe	4	1.05	20	100 Au	4	300	4498	3299	0.731	2.12.0.2771	105000	1	Super-resolution	50	false	51.63	27.59	1.0326
4	[-2.2, -1.8, -1.4, -1.0]	ClusteringWithImageBeamShift	6	Tiff Lzw Non-Gain normalized	confidential	false	1.2	2.5	Quantifoil R1.2/1.3	2023-03-21T14:45:15.438925Z	AfterCentering	0	OncePerGridSquare	2E-10	0.5	2.5	EF-CCD	2	50	NanoProbe	6	1.05	20	100 Au	4	300	4498	3299	0.933	2.12.0.2771	81000	1.7	Super-resolution	40	false	25.79	13.21	0.6448
1	[-3.0, -2.7, -2.5, -2.2, -2.0, -1.9, -1.7, -1.5, -1.2]	ClusteringWithImageBeamShift	6	Tiff Lzw Non-Gain normalized	confidential	false	1.33	2.46	Quantifoil R1.2/1.3	2023-03-23T12:49:57.7288492Z	AfterCentering	0	OncePerGridSquare	2E-10	0.5	5	EF-CCD	2	50	NanoProbe	5	1.05	20	100 Au	4	300	4498	3299	0.731	2.12.0.2771	105000	0.95	Super-resolution	40	false	38	21.37	0.95
6	[-2.6, -2.4, -2.2, -2.0, -1.8]	NoClustering	0	Tiff Lzw Non-Gain normalized	confidential	false	2.13	4.06	Quantifoil R2/2	2023-03-28T21:59:33.1869242Z	AfterDistance	10	UNKNOWN	UNKNOWN	0.5	5	EF-CCD	2	50	NanoProbe	5	0.87	20	None	4	300	4498	3299	0.731	2.12.0.2771	105000	1.08	Super-resolution	40	false	41.42	20.49	1.0354
4	[-3.0, 0.0, 0.0, 0.0]	ClusteringWithImageBeamShift	6	Tiff Lzw Non-Gain normalized	confidential	false	2	4	Quantifoil R2/2	2023-03-29T14:45:16.1503443Z	AfterCentering	0	OncePerGridSquare	2E-10	0.5	5	EF-CCD	2	50	NanoProbe	5	1.05	20	100 Au	4	300	4498	3299	0.933	2.12.0.2771	81000	1.71	Super-resolution	55	false	36.75	18.71	0.6682
3	[-3.0, -2.5, -2.0, -1.5]	ClusteringWithImageBeamShift	6	Tiff Lzw Non-Gain normalized	confidential	false	2.43	3.07	Quantifoil R2/1	2023-03-30T20:00:47.9459784Z	AfterCentering	0	OncePerGridSquare	2E-10	0.5	5	EF-CCD	2	50	NanoProbe	5	0.93	20	100 Au	4	300	4498	3299	0.731	2.12.0.2771	105000	0.89	Super-resolution	40	false	20.26	12.16	0.5065
2	[-2.8, -2.6, -2.4, -2.2, -2.0, -1.8, -1.6, -1.4, -1.2, -1.0]	ClusteringWithImageBeamShift	6	Tiff Lzw Non-Gain normalized	confidential	false	1.38	2.5	Quantifoil R1.2/1.3	2023-03-31T13:07:04.2349407Z	AfterCentering	0	OncePerGridSquare	2E-10	0.5	5	EF-CCD	2	50	NanoProbe	5	0.94	20	100 Au	4	300	4498	3299	0.731	2.12.0.2771	105000	0.95	Super-resolution	40	false	36	20.25	0.9
2	[-2.8, -2.6, -2.4, -2.2, -2.0, -1.8, -1.6, -1.4, -1.2, -1.0]	ClusteringWithImageBeamShift	6	Tiff Lzw Non-Gain normalized	confidential	false	1.38	2.5	Quantifoil R1.2/1.3	2023-04-01T13:39:56.1545253Z	AfterCentering	0	OncePerGridSquare	2E-10	0.5	5	EF-CCD	2	50	NanoProbe	5	0.94	20	100 Au	4	300	4498	3299	0.731	2.12.0.2771	105000	0.95	Super-resolution	40	false	38.85	21.85	0.9712
2	[-2.8, -2.6, -2.4, -2.2, -2.0, -1.8, -1.6, -1.4, -1.2, -1.0]	ClusteringWithImageBeamShift	6	Tiff Lzw Non-Gain normalized	confidential	false	1.38	2.5	Quantifoil R1.2/1.3	2023-04-02T09:46:01.7345998Z	AfterCentering	0	OncePerGridSquare	2E-10	0.5	5	EF-CCD	2	50	NanoProbe	5	0.94	20	100 Au	4	300	4498	3299	0.731	2.12.0.2771	105000	0.95	Super-resolution	40	false	31.36	17.64	0.7841
3	[-2.5]	ClusteringWithImageBeamShift	6	Tiff Lzw Non-Gain normalized	confidential	false	1.51	2.47	Quantifoil R1.2/1.3	2023-04-04T18:09:39.0455257Z	AfterCentering	0	OncePerGridSquare	2E-10	0.5	5	EF-CCD	2	50	NanoProbe	5	1.05	20	100 Au	4	300	4498	3299	0.731	2.12.0.2771	105000	1.5	Super-resolution	40	false	55.28	19.69	1.3819
3	[-2.5, -2.2, -1.8, -1.4, -1.0]	ClusteringWithImageBeamShift	6	Tiff Lzw Non-Gain normalized	confidential	false	1.44	2.52	Quantifoil R1.2/1.3	2023-04-05T14:17:58.336248Z	AfterCentering	0	OncePerGridSquare	2E-10	0.5	5	EF-CCD	2	50	NanoProbe	5	1.05	20	None	4	300	4498	3299	0.731	2.12.0.2771	105000	2	Super-resolution	40	false	10.14	2.71	0.2535
1	[-3.0, -2.8, -2.6, -2.4, -2.2, -2.0, -1.8]	ClusteringWithImageBeamShift	6	Tiff Lzw Non-Gain normalized	confidential	false	1.23	2.48	Quantifoil R1.2/1.3	2023-04-05T16:59:01.1369286Z	AfterCentering	0	OncePerGridSquare	2E-10	0.5	5	EF-CCD	2	50	NanoProbe	5	0.92	20	100 Au	4	300	4498	3299	0.731	2.12.0.2771	105000	1.7	Super-resolution	50	false	59.31	18.64	1.1863
5	[-2.2, -1.8, -1.4, -1.0]	ClusteringWithImageBeamShift	6	Tiff Lzw Non-Gain normalized	confidential	false	1.2	2.51	Quantifoil R1.2/1.3	2023-04-07T13:02:28.5517538Z	AfterCentering	0	OncePerGridSquare	2E-10	0.5	1	EF-CCD	2	50	NanoProbe	5	1.05	20	100 Au	4	300	4498	3299	0.731	2.12.0.2771	105000	0.9	Super-resolution	40	false	17.43	10.35	0.4357
5	[-2.2, -1.8, -1.4, -1.0]	ClusteringWithImageBeamShift	6	Tiff Lzw Non-Gain normalized	confidential	false	1.2	2.53	Quantifoil R1.2/1.3	2023-04-08T21:05:30.2362087Z	AfterCentering	0	OncePerGridSquare	2E-10	0.5	1	EF-CCD	2	50	NanoProbe	6	0.9	20	100 Au	4	300	4498	3299	0.731	2.12.0.2771	105000	0.9	Super-resolution	40	false	14.02	8.32	0.3504
5	[-2.2, -1.8, -1.4, -1.0]	ClusteringWithImageBeamShift	6	Tiff Lzw Non-Gain normalized	confidential	false	1.2	2.47	Quantifoil R1.2/1.3	2023-04-10T13:40:28.1295302Z	AfterCentering	0	OncePerGridSquare	2E-10	0.5	1	EF-CCD	2	50	NanoProbe	6	0.9	20	100 Au	4	300	4498	3299	0.731	2.12.0.2771	105000	0.9	Super-resolution	40	false	17.28	10.26	0.4321
2	[-2.8]	ClusteringWithImageBeamShift	6	Tiff Lzw Non-Gain normalized	confidential	false	1.24	2.46	Quantifoil R1.2/1.3	2023-04-27T09:56:45.8619501Z	AfterCentering	0	OncePerGridSquare	3E-10	0.5	5	EF-CCD	2	50	NanoProbe	5	1.05	20	100 Au	4	300	4498	3299	0.731	2.12.1.2782	105000	1.5	Super-resolution	40	false	49.42	17.6	1.2354
2	[-3.2, -2.8, -2.4, -2.0, -1.6, -1.2]	ClusteringWithImageBeamShift	6	Tiff Lzw Non-Gain normalized	confidential	false	1.24	2.46	Quantifoil R1.2/1.3	2023-04-27T10:45:24.4548841Z	AfterCentering	0	OncePerGridSquare	3E-10	0.5	5	EF-CCD	2	50	NanoProbe	5	1.05	20	100 Au	4	300	4498	3299	0.731	2.12.1.2782	105000	1.5	Super-resolution	40	false	50.58	18.02	1.2644
2	[-3.2, -2.8, -2.4, -2.0, -1.6, -1.2]	ClusteringWithImageBeamShift	6	Tiff Lzw Non-Gain normalized	confidential	false	1.24	2.47	Quantifoil R1.2/1.3	2023-04-27T11:21:28.755675Z	AfterCentering	0	OncePerGridSquare	3E-10	0.5	5	EF-CCD	2	50	NanoProbe	5	1.05	20	100 Au	4	300	4498	3299	0.731	2.12.1.2782	105000	1.5	Super-resolution	40	false	51.71	18.42	1.2927
2	[-3.2, -2.8, -2.4, -2.0, -1.6, -1.2]	ClusteringWithImageBeamShift	6	Tiff Lzw Non-Gain normalized	confidential	false	1.08	2.52	Quantifoil R1.2/1.3	2023-04-27T11:47:17.4032526Z	AfterCentering	0	OncePerGridSquare	3E-10	0.5	5	EF-CCD	2	50	NanoProbe	5	1.05	20	100 Au	4	300	4498	3299	0.731	2.12.1.2782	105000	1.5	Super-resolution	40	false	47.27	16.84	1.1817
2	[-3.2, -2.8, -2.4, -2.0, -1.6, -1.2]	ClusteringWithImageBeamShift	6	Tiff Lzw Non-Gain normalized	confidential	false	1.19	2.47	Quantifoil R1.2/1.3	2023-04-27T12:29:36.3084696Z	AfterCentering	0	OncePerGridSquare	3E-10	0.5	5	EF-CCD	2	50	NanoProbe	5	1.05	20	100 Au	4	300	4498	3299	0.731	2.12.1.2782	105000	2	Super-resolution	40	false	53.17	14.21	1.3293
2	[-3.0, -2.5, -2.2, -1.8, -1.4, -1.0]	ClusteringWithImageBeamShift	6	Tiff Lzw Non-Gain normalized	confidential	false	1.19	2.49	Quantifoil R1.2/1.3	2023-04-27T15:41:08.1167635Z	AfterCentering	0	OncePerGridSquare	3E-10	0.5	5	EF-CCD	2	50	NanoProbe	5	1.05	20	100 Au	4	300	4498	3299	0.731	2.12.1.2782	105000	1.45	Super-resolution	40	false	45.91	16.92	1.1478
1	[-3.0, -2.7, -2.4, -2.1, -1.8, -1.5]	NoClustering	0	Gain normalized	confidential	false	1.2	2.52	Quantifoil R1.2/1.3	2023-04-27T22:11:41.3169347Z	AfterDistance	20	OncePerGridSquare	2E-10	0.5	5	BM-Falcon	2	50	NanoProbe	3	1.05	UNKNOWN	100 Au	4	300	4498	3299	1.068	2.12.1.2782	75000	0.8	Linear	19	false	55.8	19.89	2.9371
2	[-2.7, -2.4, -2.1, -1.8, -1.5, -1.2]	ClusteringWithImageBeamShift	6	Tiff Lzw Non-Gain normalized	confidential	false	1.2	2.47	Quantifoil R1.2/1.3	2023-04-28T13:39:07.9257386Z	AfterCentering	0	OncePerGridSquare	2E-10	0.5	5	EF-CCD	2	50	NanoProbe	5	1.05	20	100 Au	4	300	4498	3299	0.731	2.12.1.2782	105000	1	Super-resolution	40	false	27.38	14.63	0.6846
3	[-2.7, -2.4, -2.1, -1.8, -1.5, -1.2]	ClusteringWithImageBeamShift	6	Tiff Lzw Non-Gain normalized	confidential	false	1.35	2.5	Quantifoil R1.2/1.3	2023-05-02T22:05:30.5827165Z	AfterCentering	0	OncePerGridSquare	2E-10	0.5	5	EF-CCD	2	50	NanoProbe	5	1.05	20	100 Au	4	300	4498	3299	0.731	2.12.1.2782	105000	1.14	Super-resolution	40	false	29.4	13.78	0.735
1	[-2.7, -2.4, -2.1, -1.8, -1.5, -1.2, -0.9]	ClusteringWithImageBeamShift	6	Tiff Lzw Non-Gain normalized	confidential	false	1.2	2.43	Quantifoil R1.2/1.3	2023-05-04T17:51:38.1080635Z	AfterCentering	7	OncePerGridSquare	2E-10	1	5	EF-CCD	2	50	NanoProbe	5	1.05	20	100 Au	4	300	4498	3299	0.933	2.12.1.2782	81000	2	Super-resolution	40	false	62.44	27.18	1.5609
1	[-0.8, -0.6, -0.4]	ClusteringWithImageBeamShift	6	Tiff Lzw Non-Gain normalized	confidential	false	0.75	1.64	Quantifoil R1.2/1.3	2023-05-17T16:30:44.9075274Z	AfterCentering	0	UNKNOWN	UNKNOWN	1	5	EF-CCD	2	50	NanoProbe	5	0.8	10	None	4	300	4498	3299	0.445	2.12.1.2782	165000	1.5	Super-resolution	48	false	65.06	8.59	1.3554
4	[-2.2, -1.8, -1.4, -1.0]	ClusteringWithImageBeamShift	6	Tiff Lzw Non-Gain normalized	confidential	false	1.24	2.51	Quantifoil R1.2/1.3	2023-05-19T11:39:38.3680932Z	AfterCentering	0	OncePerGridSquare	2E-10	0.5	1	EF-CCD	2	50	NanoProbe	5	1.05	20	None	4	300	4498	3299	0.726	2.12.1.2782	105000	0.96	Super-resolution	40	false	14.23	7.81	0.3556
4	[-2.2, -1.8, -1.4, -1.0]	ClusteringWithImageBeamShift	6	Tiff Lzw Non-Gain normalized	confidential	false	1.24	2.51	Quantifoil R1.2/1.3	2023-05-21T13:49:17.3886224Z	AfterCentering	0	OncePerGridSquare	2E-10	0.5	1	EF-CCD	2	50	NanoProbe	5	1.05	20	None	4	300	4498	3299	0.726	2.12.1.2782	105000	0.96	Super-resolution	40	false	12.74	6.99	0.3184
2	[-2.8, -2.4, -2.0]	ClusteringWithImageBeamShift	6	Tiff Lzw Non-Gain normalized	confidential	false	1.35	2.59	Quantifoil R1.2/1.3	2023-05-25T00:39:08.7022133Z	AfterCentering	0	OncePerGridSquare	2E-10	0.5	1	EF-CCD	2	50	NanoProbe	4	0.85	20	None	4	300	4498	3299	0.726	2.12.1.2782	105000	0.88	Counting	40	false	14.31	2.14	0.3577
1	[-3.0, -2.7, -2.5, -2.3, -2.1, -1.9, -1.7, -1.5]	ClusteringWithImageBeamShift	6	Tiff Lzw Non-Gain normalized	confidential	false	0.78	1.65	Custom	2023-05-25T10:50:48.5273232Z	AfterCentering	0	OncePerGridSquare	2E-10	0.5	1	EF-CCD	2	50	NanoProbe	5	0.8	20	100 Au	4	300	4498	3299	0.726	2.12.1.2782	105000	1.13	Super-resolution	40	false	49.15	22.92	1.2286
7	[-3.0, -2.4, -2.0, -1.4, -0.8]	ClusteringWithImageBeamShift	6	Tiff Lzw Non-Gain normalized	confidential	false	2	3.94	Quantifoil R2/2	2023-05-25T18:36:05.6670923Z	AfterCentering	0	OncePerGridSquare	2E-10	0.5	5	EF-CCD	2	50	NanoProbe	5	0.8	20	100 Au	4	300	4498	3299	0.928	2.12.1.2782	81000	1	Super-resolution	40	false	28.14	24.24	0.7036
4	[-2.2, -1.8, -1.4, -1.0]	ClusteringWithImageBeamShift	6	Tiff Lzw Non-Gain normalized	confidential	false	1.2	2.5	Quantifoil R1.2/1.3	2023-05-30T14:25:15.4152538Z	AfterCentering	0	OncePerGridSquare	2E-10	0.5	3	EF-CCD	2	50	NanoProbe	5	1.05	20	100 Au	4	300	4498	3299	0.928	2.12.1.2782	81000	1.2	Super-resolution	40	false	31.45	22.57	0.7864
3	[-2.6, -2.4, -2.2, -1.8, -1.4, -1.2]	ClusteringWithImageBeamShift	6	Tiff Lzw Non-Gain normalized	confidential	false	1.25	2.53	Quantifoil R1.2/1.3	2023-05-31T20:41:53.1435672Z	AfterCentering	0	OncePerGridSquare	2E-10	0.5	3	EF-CCD	2	50	NanoProbe	5	0.8	20	100 Au	4	300	4498	3299	0.726	2.12.1.2782	105000	1.04	Super-resolution	40	false	38.21	19.36	0.9552
8	[-2.6, -2.4, -2.2, -1.8, -1.4, -1.2]	ClusteringWithImageBeamShift	6	Tiff Lzw Non-Gain normalized	confidential	false	2.3	4.19	Quantifoil R2/2	2023-06-01T11:18:54.0933134Z	AfterCentering	0	OncePerGridSquare	2E-10	0.5	3	EF-CCD	2	50	NanoProbe	5	0.8	20	100 Au	4	300	4498	3299	0.726	2.12.1.2782	105000	1.04	Super-resolution	40	false	25.73	13.04	0.6433
2	[-1.5, -1.3, -1.1, -0.9, -0.7, -0.5]	ClusteringWithImageBeamShift	6	Tiff Lzw Non-Gain normalized	confidential	false	1.25	2.62	Quantifoil R1.2/1.3	2023-06-02T11:39:17.141065Z	AfterDistance	8	UNKNOWN	UNKNOWN	0.5	3	EF-CCD	2	50	NanoProbe	5	0.81	20	100 Au	4	300	4498	3299	0.726	2.12.1.2782	105000	0.87	Super-resolution	40	false	30.09	18.23	0.7522
2	[-2.5, -2.2, -2.0, -1.8, -1.5, -1.2, -1.0]	ClusteringWithImageBeamShift	6	Tiff Lzw Non-Gain normalized	confidential	false	1.25	2.6	Quantifoil R1.2/1.3	2023-06-04T11:20:28.2990936Z	AfterCentering	8	UNKNOWN	UNKNOWN	0.5	3	EF-CCD	2	50	NanoProbe	5	0.81	20	None	4	300	4498	3299	0.726	2.12.1.2782	105000	1.1	Super-resolution	40	false	41.03	19.66	1.0258
4	[-2.0]	ClusteringWithImageBeamShift	6	Tiff Lzw Non-Gain normalized	confidential	false	1.4	2.61	Quantifoil R1.2/1.3	2023-06-05T11:18:11.8050839Z	AfterCentering	8	UNKNOWN	UNKNOWN	0.5	3	EF-CCD	2	50	NanoProbe	6	0.66	20	100 Au	4	300	4498	3299	0.726	2.12.1.2782	105000	1	Counting	40	false	7.12	0.94	0.1781
3	[-2.2, -2.0, -1.8, -1.6, -1.4, -1.2, -1.0]	ClusteringWithImageBeamShift	6	Tiff Lzw Non-Gain normalized	confidential	false	1.33	2.56	Quantifoil R1.2/1.3	2023-06-06T14:43:20.6599075Z	AfterCentering	0	OncePerGridSquare	2E-10	0.5	5	EF-CCD	2	50	NanoProbe	6	0.66	20	None	4	300	4498	3299	0.726	2.12.1.2782	105000	1.2	Super-resolution	40	false	35.11	15.42	0.8778
3	[-2.2, -2.0, -1.8, -1.6, -1.4, -1.2, -1.0]	ClusteringWithImageBeamShift	6	Tiff Lzw Non-Gain normalized	confidential	false	1.33	2.56	Quantifoil R1.2/1.3	2023-06-06T16:13:01.3916678Z	AfterCentering	0	OncePerGridSquare	2E-10	0.5	5	EF-CCD	2	50	NanoProbe	6	0.66	20	100 Au	4	300	4498	3299	0.726	2.12.1.2782	105000	1.2	Super-resolution	40	false	23.28	10.22	0.582
1	[-2.2, -2.0, -1.8, -1.6, -1.4, -1.2, -1.0]	ClusteringWithImageBeamShift	6	Tiff Lzw Non-Gain normalized	confidential	false	0.76	1.67	Quantifoil R1.2/1.3	2023-06-07T13:40:51.4592628Z	AfterCentering	0	OncePerGridSquare	2E-10	0.5	5	EF-CCD	2	50	NanoProbe	6	0.66	20	100 Au	4	300	4498	3299	0.726	2.12.1.2782	105000	1.5	Super-resolution	40	false	36.71	12.9	0.9177
3	[-2.2, -1.8, -1.4, -1.0]	ClusteringWithImageBeamShift	6	Tiff Lzw Non-Gain normalized	confidential	false	1.2	2.5	Quantifoil R1.2/1.3	2023-06-09T11:16:34.4317038Z	AfterCentering	0	OncePerGridSquare	2E-10	0.5	2.5	EF-CCD	2	50	NanoProbe	5	1.05	20	100 Au	4	300	4498	3299	0.928	2.12.1.2782	81000	1.1	Super-resolution	40	false	30.87	24.17	0.7719
3	[-2.2, -1.8, -1.4, -1.0]	ClusteringWithImageBeamShift	6	Tiff Lzw Non-Gain normalized	confidential	false	1.2	2.5	Quantifoil R1.2/1.3	2023-06-10T11:30:37.6777321Z	AfterCentering	0	OncePerGridSquare	2E-10	0.5	2.5	EF-CCD	2	50	NanoProbe	5	1.05	20	100 Au	4	300	4498	3299	0.928	2.12.1.2782	81000	1.1	Super-resolution	40	false	26.07	20.41	0.6517
3	[-2.2, -1.8, -1.4, -1.0]	ClusteringWithImageBeamShift	6	Tiff Lzw Non-Gain normalized	confidential	false	1.2	2.5	Quantifoil R1.2/1.3	2023-06-11T09:23:15.8994447Z	AfterCentering	0	OncePerGridSquare	2E-10	0.5	2.5	EF-CCD	2	50	NanoProbe	5	1.05	20	100 Au	4	300	4498	3299	0.928	2.12.1.2782	81000	1.1	Super-resolution	40	false	30.68	24.02	0.767
2	[-2.9, -2.7, -2.5, -2.3, -2.1, -1.9]	ClusteringWithImageBeamShift	6	Tiff Lzw Non-Gain normalized	confidential	false	1.28	2.54	Quantifoil R1.2/1.3	2023-06-13T20:49:26.9898942Z	AfterCentering	0	OncePerGridSquare	2E-10	0.5	5	EF-CCD	2	50	NanoProbe	5	0.83	20	100 Au	4	300	4498	3299	0.726	2.12.1.2782	105000	0.87	Super-resolution	40	false	20.17	12.22	0.5042
5	[-3.0, -2.4, -2.0, -1.6, -1.2, -0.8]	ClusteringWithImageBeamShift	6	Tiff Lzw Non-Gain normalized	confidential	false	1.43	2.54	Quantifoil R1.2/1.3	2023-06-14T16:35:32.9983571Z	AfterCentering	0	OncePerGridSquare	2E-10	0.5	5	EF-CCD	2	50	NanoProbe	6	0.66	20	100 Au	4	300	4498	3299	0.726	2.12.1.2782	105000	1.2	Super-resolution	40	false	12.51	5.49	0.3127
1	[-2.0, -1.8, -1.6]	ClusteringWithImageBeamShift	6	Gain normalized	confidential	false	0.84	1.62	Quantifoil R1/4	2023-06-15T09:56:01.375056Z	AfterCentering	20	OncePerGridSquare	5E-11	3	25	BM-Falcon	2	50	NanoProbe	9	1.2	UNKNOWN	None	4	300	4498	3299	1.067	2.12.1.2782	75000	41.17	Counting	80	false	26.02	0.18	0.3253
1	[-2.0, -1.8, -1.6]	ClusteringWithImageBeamShift	6	Gain normalized	confidential	false	0.79	1.63	Custom	2023-06-15T21:00:11.0973297Z	AfterCentering	20	OncePerGridSquare	5E-11	3	25	BM-Falcon	2	50	NanoProbe	9	1.2	UNKNOWN	None	4	300	4498	3299	1.067	2.12.1.2782	75000	41.17	Counting	80	false	26.15	0.18	0.3269
4	[-2.2, -1.8, -1.4, -1.0]	ClusteringWithImageBeamShift	6	Tiff Lzw Non-Gain normalized	confidential	false	1.2	2.5	Quantifoil R1.2/1.3	2023-06-20T15:12:26.1179078Z	AfterCentering	0	OncePerGridSquare	2E-10	0.5	2.5	EF-CCD	2	50	NanoProbe	5	1.05	20	100 Au	4	300	4498	3299	0.928	2.12.1.2782	81000	1.1	Super-resolution	40	false	24.28	19.01	0.6069
3	[-2.8, -2.6, -2.4, -2.2, -2.0, -1.8, -1.6, -1.4, -1.2, -1.0, 3.0]	ClusteringWithImageBeamShift	6	Tiff Lzw Non-Gain normalized	confidential	false	2.59	4.13	Quantifoil R2/2	2023-06-21T21:31:06.1102144Z	AfterCentering	0	UNKNOWN	UNKNOWN	0.5	5	EF-CCD	2	50	NanoProbe	5	1.2	20	100 Au	4	300	4498	3299	1.166	2.12.1.2782	64000	1.7	Super-resolution	40	false	20.79	16.63	0.5197
4	[-3.0, -2.6, -2.2, -2.0, -1.8]	ClusteringWithImageBeamShift	6	Tiff Lzw Non-Gain normalized	confidential	false	1.25	2.57	Quantifoil R1.2/1.3	2023-06-29T22:52:44.0486129Z	AfterCentering	0	OncePerGridSquare	2E-10	0.5	5	EF-CCD	2	50	NanoProbe	6	0.66	20	100 Au	4	300	4498	3299	0.726	2.12.1.2782	105000	1.21	Super-resolution	40	false	29	12.63	0.725
7	[-3.0, -2.6, -2.2, -2.0, -1.8]	ClusteringWithImageBeamShift	6	Tiff Lzw Non-Gain normalized	confidential	false	2.18	4.16	Quantifoil R2/2	2023-07-02T11:00:53.4100961Z	AfterCentering	0	OncePerGridSquare	2E-10	0.5	5	EF-CCD	2	50	NanoProbe	6	0.8	20	100 Au	4	300	4498	3299	0.928	2.12.1.2782	81000	1.7	Super-resolution	40	false	34.51	17.48	0.8628
2	[-2.2, -2.0, -1.8, -1.6, -1.4, -1.2, -1.0]	ClusteringWithImageBeamShift	6	Tiff Lzw Non-Gain normalized	confidential	false	1.3	2.61	Quantifoil R1.2/1.3	2023-07-04T14:13:04.8722526Z	AfterCentering	0	OncePerGridSquare	2E-10	0.5	5	EF-CCD	2	50	NanoProbe	5	0.9	20	100 Au	4	300	4498	3299	0.726	2.12.1.2782	105000	1.04	Super-resolution	40	false	37.43	18.97	0.9357
2	[-2.4, -2.2, -2.0, -1.8, -1.6, -1.4, -1.2, -1.0, -0.8]	ClusteringWithImageBeamShift	6	Tiff Lzw Non-Gain normalized	confidential	false	1.19	2.56	Quantifoil R1.2/1.3	2023-07-05T10:31:00.5129402Z	AfterCentering	0	OncePerGridSquare	2E-10	0.5	5	EF-CCD	2	50	NanoProbe	6	1.05	20	100 Au	4	300	4498	3299	1.166	2.12.1.2782	64000	3.74	Super-resolution	56	false	40.37	14.67	0.7209
4	[-2.2, -1.8, -1.4, -1.0]	ClusteringWithImageBeamShift	6	Tiff Lzw Non-Gain normalized	confidential	false	1.07	2.54	Quantifoil R1.2/1.3	2023-07-05T14:53:34.6290241Z	AfterCentering	0	OncePerGridSquare	2E-10	0.5	2.5	EF-CCD	2	50	NanoProbe	5	1.05	20	100 Au	4	300	4498	3299	0.928	2.12.1.2782	81000	1.1	Super-resolution	40	false	10.67	8.35	0.2667
